sub_centres_per_100k,phcs_per_100k,chcs_per_100k,sub_divisional_hospital_per_100k,district_hospital_per_100k,population
-0.1108394307376086,-0.07204698059496821,-0.05470776739001561,-0.004549813962603936,0.040864080672580474,-0.06029747053508494
-0.11117814930658794,-0.07235609575281121,-0.054540767582721104,-0.005253799223738894,0.040029562124232546,-0.058278132806074204
-0.1204741161709481,-0.07038467658185951,-0.05697903614958235,-0.007153582975841892,0.05024259476745985,-0.04682267905278153
-0.12349216454952454,-0.07533153958205224,-0.0527688700540012,0.010068706649931293,0.03943041098761283,-0.05948392599966689
-0.11957526551476194,-0.07744887806081581,-0.05426429986688292,0.0019778656295949015,0.04243905235704378,-0.058313083199104936
-0.14596360050824705,-0.11096643091699528,-0.0803377008285128,-0.006420872129134922,0.0539458362213236,0.11964652408283778
-0.13029192696893982,-0.020969948055748793,-0.06429294418544641,-0.0014460156176960694,0.0504958465465645,-0.05232408786162559
-0.09343454639191648,-0.011494303995469126,-0.04014204132956472,0.00473224484086229,-0.046032630073253276,-0.06478131111493132
-0.09919262613949235,-0.006017121385865829,-0.05138844482497098,0.004863006517128071,-0.0256634712753382,-0.06876808346988587
-0.0955234192879296,-0.045749228557374046,-0.04566740417010044,0.007185311549852892,-0.024991311189474962,-0.062115268602896935
-0.10853198721816677,-0.05207412768449246,-0.05455140309266653,-0.006836273650429631,0.023687617136515297,-0.06099263660988926
0.2099118541576858,-0.00491636965455562,-0.09891728232242751,-0.001935683496494245,0.1056746179745379,0.2483775138602096
-0.13034773539432962,-0.08237472966087583,-0.05769542777526952,0.003214465150368124,0.042975565312958076,-0.037380988712020405
-0.11450143279246222,-0.09399539982974292,-0.060330850886265906,0.003560315561670621,0.055741548365379395,0.030059405036614025
-0.15696494139196318,-0.008423801718732669,-0.08829609538668186,-0.005433032183862243,0.07303034976512239,0.18459482620712683
-0.06582747178691334,-0.04293383214931351,-0.034409815215779974,-0.006089594793895114,-0.06898519376550026,-0.04861541254652117
-0.12416472902758638,-0.08239337341402046,-0.05905070493354724,0.0012419900560928536,0.04411333003140223,-0.04214703045817686
-0.11054324693536914,-0.07394402279362838,-0.05015900000121583,-0.005864148909897068,0.04505501132811814,-0.061121975235708476
-0.06907035261513132,-0.0003349530071806052,-0.03488229471793136,-0.009007328622013738,-0.06584567818232885,-0.0544373895446754
-0.11918960702232803,-0.07489627494713488,-0.05444509774077918,0.002488840052819113,0.042618416517343174,-0.05815365940762098
-0.09443525256337346,-0.05562637480871651,-0.04898468230841208,0.006790916220451608,-0.010978967611998755,-0.03528019483910942
-0.0880322923622001,-0.053572993000462726,-0.04657067926984774,-0.005476013335875555,-0.015792897473939298,-0.05741644481559781
-0.0720931726728165,-0.012557908646468599,-0.03853045967026283,-0.009109960919265905,-0.06370460000338492,-0.0561972793924471
-0.12091080913081738,-0.08804628089274968,-0.055995858714000694,2.6080253073979424e-05,0.04819562250442845,-0.0447021549453929
-0.0845027806938737,-0.049960769569809306,-0.0386898639888557,0.007978510806177088,-0.04620154617527829,-0.055484870636283254
-0.09750022158645621,-0.05289047846144462,-0.046337638834697124,0.007901668327009342,-0.017375641347388244,-0.060659008354946205
-0.11068661221270065,-0.07241032156600545,-0.054621776496829935,-0.005168847404613898,0.041068023655055366,-0.05975784852260629
-0.1020354411015124,-0.05901543712056912,-0.04817830209144062,0.006022807313143848,0.0003436181745159432,-0.05874604017953543
0.1579086256981031,-0.11196700019879124,-0.09818846486037544,-0.014562604887114652,0.09138057842322196,-0.08337446268063756
-0.08222732706338647,-0.05247227069748254,-0.04136660616177238,-0.00572154956037044,-0.032053965762302544,-0.05301960101260883
-0.12119642533503429,-0.06317806464886525,-0.05311162432890289,0.008177769643175507,0.05321544216776613,-0.0667147112674911
-0.12043547338143605,-0.08906233928813684,-0.057463543101972187,-0.004251689048288132,0.04776798817808749,-0.005380490536152862
-0.0658442222056738,-0.04293383214931351,-0.03442656563454045,-0.006089594793895114,-0.06893494250921885,-0.04863216296528164
0.07350879377510641,0.040302272621330335,-0.1455979193137096,-0.018799737574927446,0.09365548124615954,0.09012999856140214
0.19195469075423044,0.08202120986614016,0.07715933923845393,-0.005958196741734807,0.15060065381390483,0.2120827459801693
0.20268845367544194,0.06814127533947595,0.06236189284923127,-0.007935069458543722,0.16422314667169635,0.19442785756214706
0.19839076501062386,0.08141706787287503,0.07634457645942808,-0.0076460904313926875,0.15345173362541903,0.19250792745230857
0.18707369587379116,0.079780430877759,0.09564358948878207,-0.013664492959887283,-0.0858467672500615,-0.03531942246101744
0.10617905102515877,0.015832884090828208,-0.010050060369422433,-0.018817284687817272,-0.22996228238724642,-0.08008399517198783
0.1994691467560205,0.07290525691902719,0.05449552558004186,-0.00898018493660673,0.15085540849285162,0.12485120454058385
-0.09651217672780445,0.02924786603081095,-0.05138596217817499,-0.009006032063914393,-0.0557719367329688,-0.06899740666528119
0.20722341973890365,0.0770450618786792,0.0906479608959757,-0.011555456652687444,0.07595795172197446,0.21481258159682207
0.1301154409171826,0.009919702443135225,0.027302513365921367,-0.019501253633991286,-0.2484959066496424,-0.07620713202621271
0.06350720801817569,0.009473041910453204,0.02222988594904413,-0.027827135755369103,-0.3131891615512833,0.08960435595413435
0.10317158207056483,0.03851109027438433,0.008457088084432948,-0.022555368391929877,-0.32760004725517655,0.09215227760938231
-0.06659992298039423,0.02964612854178889,-0.006705622489757071,-0.008926047133548966,-0.1348045249135589,-0.06504152547642454
0.14119081101091965,0.042337370295393945,-0.016859225305392904,-0.016712252612858268,-0.23009297261437375,-0.046465356757818405
0.19275132303592968,0.06677571524001777,0.003858670021193816,-0.00779085071281474,0.16573622779616295,0.22613686281239062
0.17041235006717845,0.010641293127553892,0.058273127286122856,-0.015326276259264924,-0.2068576876128459,-0.03465657292160675
0.0478579065443871,0.010661127067910982,-0.04895292628779499,-0.012560541731496696,-0.1647078594436467,-0.0673069763123882
0.2034820404401684,0.08310987514591947,0.055585469271320145,-0.006674191003109933,0.15953246991214617,0.18592900623427958
0.1926336925973166,0.07253317361715142,0.03885747048358263,-0.006216867613094451,0.17165090158554105,0.23189034307466005
0.09953876814778069,0.035716253480930174,0.03202809875480325,-0.019723295724911653,-0.21462653834467252,-0.08407056219946173
0.09606014986595247,0.03095941725605087,-0.11004339800325973,-0.018274697086470636,-0.06052603253368445,-0.05339767005514965
0.18135870255616976,0.08986613333502949,0.03796527078643612,-0.0070480954686228375,0.15987636047485007,0.2256730549040074
0.1316362913341289,0.09904568087708003,-0.009704373067422353,-0.006157076564381149,0.16921292747645614,0.24096575591181066
0.1292798812410835,0.09566474556598144,-0.00977484103113757,-0.007410810495152368,0.15585353496434778,0.2537340647492917
0.10203096502760903,0.06852898205123309,-0.005712096444139068,-0.010396581436377056,0.043416777409973885,0.011922849991932407
0.12261174644666172,0.012158305856219366,-0.008400879269235353,-0.025050044815586456,-0.30404837387011824,0.14571162032516494
0.07188624638526994,0.06276164960817722,-0.14216156706720662,-0.015100926280759737,0.06530791193246335,0.0410611377991894
0.0649946164563578,0.025543314197921167,-0.013856741478850463,-0.015784559397060527,-0.2226103109710189,-0.07615780814161276
0.022748955930298628,0.020375637758884263,-0.055324393446272824,-0.01326347522790858,-0.1607128598616585,-0.06783554897776088
0.051655639192421096,0.01829180624487966,-0.04119505348184879,-0.015883359389721945,-0.19605093315958086,-0.06636487907437466
-0.036072608372163376,0.02055232258582128,-0.032382237966301915,-0.00949059865168481,-0.13448203530135788,-0.06530834087319214
-0.0791820693888936,0.031963331395495585,-0.006484727209613717,-0.009387703328098027,-0.1301020674706484,-0.0659669971951597
0.10310218709619534,-0.0036524197537464074,0.03524097520252828,-0.02703587343409834,-0.3237343374374062,0.12764988595762736
-0.08189089751414261,0.018851139063849286,-0.0020861909894827457,-0.009470961645341577,-0.11997507706367609,-0.060000943460822666
-0.07594587654155616,0.029516947330938924,-0.04518215242951109,-0.011953174094253933,-0.08518915994107155,-0.0587480873627339
-0.08399391101850172,0.026083369388334603,0.013945744815478027,-0.00920207119486432,-0.13676483425439903,-0.06555152955270338
-0.08013620960277762,-0.04815254829560641,0.01063553235408021,-0.004090033089488385,-0.0880550845173501,-0.05445706852261151
-0.06834084977140127,0.025635184416410536,-0.037839275283519685,-0.010173682684304422,-0.10778119812353644,-0.05737027133542619
-0.0863895330980596,-0.013439127502912792,0.035738061448865384,-0.007167906534752459,-0.10814267289903771,-0.05867090951919469
-0.07456629664568969,-0.009748375773833164,-0.035902832703769226,-0.009411783473201362,-0.07021733371791695,-0.05888197307586957
-0.07741803670298808,0.034874199229356036,-0.012480695862179484,-0.009714939643991562,-0.06791787245654936,-0.04420951176385485
0.06999433514897649,0.042227631487554096,-0.1262465047504501,-0.017761048202158704,0.0474862359601172,-0.015568708189272525
0.15531549637197675,0.06634826480543328,0.08248862513002013,-0.006696490100441119,0.11188343203537651,-0.06848637617864421
0.15896934966027762,0.063957368465944,0.027163947255802262,-0.015499049531478563,-0.11565235346800239,0.24820437924260483
0.03165487244748978,0.02157717730640714,-0.07891518067296924,-0.020901825769723267,-0.17281583776263032,-0.0067050204187611515
0.06432078163774292,0.04852922673960794,-0.037996714458887845,-0.015602883512264522,-0.2147229616489505,-0.050136144823227445
0.17100176230444783,0.1317604477665943,0.02429469550408681,0.0006384783681650702,0.18698472813607764,-0.032723551382769576
0.2017307795523776,0.08357693638052581,0.039444799612202965,-0.00858703854630364,0.152467817950343,0.210541624925623
0.1927651827537883,0.07234600222047864,0.03928514230886216,-0.010088110409373349,0.1581555143909566,0.13804825897622927
0.05077443864176718,0.06390586778080833,-0.054105722194128146,-0.010647638171319087,-0.15725036264855044,-0.08218054100267508
0.07051952522190648,0.04526765349627244,-0.013030761887426936,-0.016468938174212678,-0.2284520982634888,-0.07437374693223503
0.194697778097428,0.07696026196359043,-0.010312427822108259,-0.01022728449320504,0.1342509503018199,0.12824036254965848
0.18163528392384212,0.03050969584257501,0.08754787553190069,0.001829003324349836,0.1805339547079589,-0.03799415144113498
0.05016341879545826,0.030435385062837092,-0.06479675003983162,-0.01595306340339981,-0.18693194078033348,-0.04190162205463932
0.16643395899168273,0.11230097910849662,0.10090023070731119,-0.0006275228878821585,0.16650178228666582,-0.07377870769806658
0.18057159369993853,0.13375315007438265,0.005660533076245116,0.0031282906503574057,0.19970162992046692,-0.02655876537850041
-0.03428260634138067,0.06161872999502172,0.040766865889813056,-0.0007908917459924522,0.1368010791050914,0.27142159888440925
0.11703789703833002,0.08982698162532356,0.007544638399932768,-0.007028163881012888,0.18186934018056997,0.17059743852381046
0.06880750631641669,0.004594642443175042,-0.09149454657131989,-0.01873445764236674,-0.02453421370647214,-0.024122415736604445
0.04788050827816264,0.03556854744876374,-0.01786005216088257,-0.02114267454247705,-0.20699222641552206,0.16870009731163738
0.06797901229103549,0.019952900978489674,0.0361380099607226,-0.020138362805005902,-0.20822862075758442,-0.07814784474521673
0.10264004415750587,0.010942682905217204,0.07063950032232177,-0.009707796741748374,0.06959442941402694,-0.0014508538767164833
0.11653927489406546,0.06226296293563708,-0.04747294291015678,-0.009664839107335387,0.16056934733251288,0.24979472255628843
0.07220737533594415,0.0849943286059457,-0.013807104710071575,-0.005370334608140407,0.1346938044829678,0.1972247835628338
-0.09304056168980274,0.03921232765513499,0.0471829676247034,-0.008664877890532852,-0.15061024030504097,-0.06650730623015622
0.1082947407205207,0.03967686188534595,0.016510922207621865,-0.0221507279338163,-0.32095957604829184,0.09783887582064113
0.07002678994706323,0.04566220631997137,0.015883179184145724,-0.017536088270194084,-0.24412422391871758,-0.07271858921981272
0.06557454043089654,0.040824888327165694,-0.09639011031733674,-0.016420734483758453,-0.08814341988262285,-0.05454123698058797
0.11891017707981567,0.016544654481692327,0.015114589393975636,-0.02067131241875978,-0.25226843316202946,-0.07805211989593834
0.06505773634458965,0.02080802628846472,0.05001625389394499,-0.016198297718836564,-0.25049734312509936,-0.07063424521471531
-0.03565368470545033,0.024113054134977874,-0.0502169010952118,-0.0066915310452129815,-0.05551944924756318,-0.09101287809942434
-0.11995924930393981,-0.08289286385672467,-0.05118736745241248,0.007087945376418703,0.04482161653396308,-0.06240940407868487
0.1670767206049263,0.08974001304429195,0.1027516068578143,0.03864486689862768,0.15501106379607005,-0.06983833322008515
0.13508850542678263,0.06324470623856647,0.04126419680732314,0.0278955870413356,0.1585905089762233,0.24127444286222166
0.09429077481118735,0.03130278956672372,-0.03523089683627793,0.007102532926927054,-0.0949619732844006,-0.0554193446110944
0.19735360073928299,0.08870382716311077,0.08210137240850246,0.03306652095028837,0.1784337449552678,-0.08083536883623473
-0.10760186066618259,0.03191664433904251,-0.04250711596768848,0.008664056372329318,-0.06329767651685726,-0.06969432349260415
-0.020451853743232978,-0.0335390464411029,0.039440597022785996,0.007585123370139388,0.08930018582667044,-0.04877248937117071
-0.10416809477491124,0.014697066877081093,-0.05500395488947337,0.010336462878663572,-0.045058086188504015,-0.0699466857078324
0.20418678140501922,0.052189137657353085,0.06694937098041785,0.018053696000518694,0.1531839656432277,0.190052035580564
-0.08990821004626391,-0.011788470564094069,-0.03956930750658985,0.0033725192678412215,-0.048112215149579696,-0.06514690406558632
-0.12119642533503429,-0.06327921863724778,-0.052508026510351385,0.00460090876011613,0.051797313618062335,-0.06777772122045246
-0.07894046840471161,-0.04856755262573155,-0.03352509595806846,0.004769262732555311,-0.054159372098493856,-0.05643809390347287
-0.14584236119599853,-0.07665175117263143,-0.01358544296709742,0.007078499667317026,0.05440141815148201,-0.07368275885752514
-0.13886836713665937,0.030629814939098082,-0.054274113826796096,0.004212618315879262,0.07994167060166625,-0.04682585017330891
0.1250724450840169,0.0851649921499017,0.057097918263282206,0.03318915814569392,0.15384432910757267,0.0874055184444131
0.08221542752608844,0.04917054674203465,0.05858719326335969,0.022792037341955524,-0.11507666224902545,-0.09805865078488836
-0.04131064809796562,0.06976374410637508,0.050484931177835875,0.016923109878670062,0.1155208408143277,-0.09967545994774984
0.12248498851470649,0.06172134721803144,-0.02902324022806958,0.01605836362927335,0.13927426665716341,-0.10505574399107086
0.2069830423296041,0.060135903236155745,0.05205257454086663,0.02516338018066249,0.15815732553752332,0.19442938165134754
0.17891384562041465,0.019440631703320166,0.03393401497224978,0.03491770076245362,0.12096496274364762,0.2259009288027412
0.20948399812923402,0.07390730783675127,0.0734796091212806,0.010558560303100987,0.12196468134486105,0.21701903345124413
0.20255423636545605,0.07375526751986287,0.08514471481096027,-0.007026914016097798,0.12396007311148176,0.20675985747482903
0.22105287596111725,0.0963214129246211,0.1022809288700974,-0.0073914559446483195,0.15736343328976277,-0.0037695546618343526
0.18773122710074164,0.09443549498405358,0.07770351782551643,-0.009489436184942487,0.16704723771418115,-0.031999165284533435
0.21146346267536298,0.0487990394336761,-0.009428999380758836,0.020454756828140578,0.13449641482927463,0.22802490907788242
-0.17880345937193834,0.03638530906096697,-0.06189486464744759,0.002102757200973391,0.09041469047533954,0.19767481986775062
0.14391435351435683,0.08633155606804359,0.0629152032246857,0.03065080315862313,0.15566691178842346,-0.03563556653752209
0.18255319386911956,0.08266665715027932,0.03502150446808724,0.018070349826588658,0.1795414706520845,-0.03928730798337274
-0.15017056339966608,-0.028055593451055048,0.019615027011766952,-0.011380527598261405,0.036233219605414535,-0.07887077343836041
0.16519661550366166,0.06289061369962815,0.04082904302187709,0.02819072925452402,0.1592783585288795,0.23278250922276975
-0.1570756134408408,0.035695009277089976,-0.04600791491469219,0.007396872214167494,0.06813851114832407,-0.04343123583181597
-0.12210130491228187,-0.06798562114524982,-0.02707872328058471,0.001642818712532291,0.0324305225363912,-0.0576757443254622
-0.0749646488284246,-0.04517821074914815,-0.03197149678043843,0.004994100050535206,-0.06550601148612846,-0.05423505246431875
0.1388481710194223,0.06664597452003711,-0.004262781282812876,0.03137198511643181,0.14613632584600425,0.2689182237397516
0.1449771407768661,0.03430310693682044,-0.07095149946499824,0.02799625828439939,0.1407897320260253,-0.03126324091556668
-0.1881749735079786,-0.11872386880937022,0.01264432385429363,-0.00455586444981308,0.06067399993331498,0.21914592612222486
-0.10746015879000807,-0.04583966643863999,-0.012027952318393665,-0.010086128310216472,0.06089470876277167,-0.0821347461636706
-0.14907303999463584,-0.07976031144640462,0.0023058115421104065,-0.00045213934370193443,0.057513873994832196,-0.06967870773345115
-0.12569794350557148,-0.07392138429136669,-0.01698427625319421,-0.006942414728269391,0.029798175742818876,-0.06973163741421552
0.10869090351568778,-0.114246322474094,0.053265068073898705,-0.021768960440129076,0.08870224510575074,-0.09219940545314723
-0.09411227829218737,-0.05348424950385702,-0.03787034957693767,0.0025038010611301833,-0.01591538529180973,-0.06531619198759478
-0.09556265599370277,-0.05715538365366742,0.03822218768902632,0.0006195348491371457,-0.08121511838411703,-0.06094373808519182
0.20687901079637439,-0.013932776602960785,0.1279337919422923,0.01933140164834416,0.11246548439316333,-0.07530710024039992
-0.11653030562669132,-0.0866904889914721,0.04258162713283219,0.0300878462077102,-0.008086891752733406,-0.06686124626244663
-0.13760030625725578,-0.09000843966135232,0.027797659931722896,-0.00748644659633776,0.029326341232117043,-0.06178818857661584
-0.13042248286321922,-0.08275861503068847,-0.029182335712910155,-0.004259118479205718,0.04477160894407016,-0.05112212705143485
-0.11228667053998749,-0.06675097081394132,-0.039207990419675195,0.00024162754186258508,0.022046485951510004,-0.06535529550290044
-0.14584390358018215,-0.10707034601658437,0.048798715688125306,-0.013553489373018233,0.054203355935015796,-0.06929490583227121
-0.14437917620588428,-0.09264614511038675,0.01505768771830837,-0.011786035496042657,0.040968811501571493,-0.067265849195011
-0.09674440623789655,-0.052257384878248096,-0.02370385264948825,0.005344361732874107,-0.03869627606750551,-0.060803762157658654
-0.08859422186954724,-0.05353675906447571,-0.007036346195228907,-0.0033783331518092512,-0.05198109112984437,-0.062334568847017324
-0.16170174055141653,-0.11161977905215427,0.055333223296108076,-0.012292026492847516,0.04730575025723924,-0.034325502800345985
0.21587767972372693,0.05052190633354758,0.07932984614571073,0.017070835053385674,0.12337680121026687,0.21418970990151842
-0.1179464048291026,-0.0791464923456562,-0.03823494203794723,-0.0030570276760415517,0.04755999024065033,-0.06728587470471135
-0.11365029191591063,-0.07884385003795344,-0.04367832532325014,-0.002383252165187998,0.04712652820028571,-0.06319941725364928
-0.10211954792433554,-0.05837661102828489,0.011197906339470742,0.006044701350373248,-0.06819790252089633,-0.05479800550912854
-0.07494789840966412,-0.04517821074914815,-0.031954746361677965,0.004994100050535206,-0.06555626274240986,-0.05421830204555829
-0.10207829330117736,-0.06531232879699261,0.014566044430158635,0.0031213809141137903,-0.06654928828937534,-0.019530704408258385
-0.14505715046197326,-0.10401409190762242,0.023249853969756637,-0.010255927019402788,0.052015601223057636,-0.07510758233485046
-0.11846359360946075,-0.08581000179799053,-0.04390486209885695,-0.003162367062086295,0.0452153667519439,-0.04791548834155279
-0.09561204340796443,-0.05095444551084554,-0.024516691852291186,0.005253279908092388,-0.039384780635220044,-0.06147997209302744
-0.15009362944666343,-0.11019378155224402,0.04714961198528979,-0.01143984255965683,0.05228704672484733,-0.07180547616598558
-0.1152545856191668,-0.07854280394701026,0.04614171091688753,-0.0032035954870840567,-0.028324980104893194,-0.06935091933724843
-0.14505271761589147,-0.10522643254220045,0.044531781912922744,-0.01807448478981255,0.05184322523004621,-0.0721174432094773
-0.1437158857733156,-0.10307514456202208,0.014440142958870543,-0.009180560907491874,0.05075635640414431,-0.07467991893693428
0.19242919851985987,0.08499063757743104,0.037472440873831954,0.0037238762261986584,0.14467493290460048,0.21428495810857418
0.2572761169975875,-0.0777151034889171,0.03950261466344565,0.028049104499769786,0.11094790526113164,0.23672247394862675
0.2072158696661412,0.07188313659373657,0.07197912870247385,0.020118242174867774,0.13889951070080492,0.2037284547212497
0.20779424257618423,0.07604981980066135,0.07076488975632383,0.023388559971359767,0.13321894296577086,0.20296503034611696
-0.12218886345973134,-0.07851307081653705,-0.04708124473643542,-0.0031800064507878254,0.041796197001361404,-0.0483969908221672
0.13119972507121141,0.09401948408669718,0.04659569504755579,0.0024169124991041957,0.1535280389468105,0.11552575241906843
0.06432387708780714,0.013774923621548816,-0.11325061747016116,0.020760727564382277,0.1188649960781418,0.11868080755693777
-0.11605123608824276,-0.008874117452264432,-0.04806633520512899,-0.01098189637424339,0.0662478108101732,-0.07008342125609708
-0.12800646031165494,-0.02811348879901237,-0.046744490016755624,-0.0009555659350797922,0.04345757948865563,-0.07270647621958508
-0.10579095420543605,-0.08396586542963391,-0.0243740532957591,0.05945178096328934,0.05653615379572236,-0.06200804334090229
-0.11747810349284754,-0.010774529259091585,-0.041717713254327896,-0.01106846662525203,0.06806626691520003,-0.07040437379220837
-0.06962192114225828,-0.0051269801780512,-0.034425682248618084,-0.0033601396112738972,-0.0648465925123029,-0.06230057640107233
0.12363514138737877,-0.03624091513632587,-0.05773819326376137,-0.007957234694842172,0.08640430790114412,-0.050638625748684406
-0.055977313986076055,-0.04479679508789337,-0.028962399403155963,-0.0007318517465526043,-0.06572143005476443,-0.05300486331281411
-0.1082417482630019,-0.07950507482039128,-0.04156405747935206,-0.0022557641815285105,0.048023200519007644,-0.06550959356450979
-0.12058050209602189,0.04590425770755546,-0.06354697275342577,-0.008501847897814272,0.07716296822509756,-0.0573635130506427
0.22891676929127325,0.11062873822624393,0.04356096082883215,0.0009910276104945048,0.1638931387403685,-0.07966566044712033
-0.08779411067598565,-0.05116596568947653,-0.0367318741206003,-0.001854025411182339,-0.02590600051296493,-0.06074267718104656
-0.12843165566001663,-0.019226308866005955,-0.051252800901567794,-0.01827689047769737,0.04576273980923936,-0.05618866720635099
-0.08678009416758413,-0.07018905034790505,-0.03827203470575611,0.06917364558816827,0.0402000299271578,-0.03713095776286022
-0.08692738707928917,-0.045368458118897906,-0.03872883263941785,0.043541412433465286,-0.03429798180765659,-0.061515787331840995
0.1343072134452828,0.02857181262942265,-0.020627502034225528,-0.011059124884874292,0.1171508951053815,-0.05745486910230632
-0.09488994280643673,-0.015442159687720709,-0.036320330593621684,0.0009605163443947054,-0.04176869291315171,-0.0689236633894215
-0.13074712181473425,0.03976499491133836,-0.057886450892857516,-0.019536834066203906,0.08267501952666885,-0.07500475228096418
-0.09856863723879698,-0.08365334006853803,-0.03643439859060771,0.060224705575996844,0.055509568859907016,-0.059722927669728476
-0.11829548466305966,-0.018049335636907672,-0.046191874157165976,-0.013160706104005484,0.035766849789133213,-0.070662618420694
0.21583191430026713,0.10213520226800298,0.05507902788560085,0.0026725419807528215,0.15368834688587177,0.011060579083145611
-0.15958650512138972,0.05654787811079622,-0.03828778913264111,-0.016832473345496195,0.05698711519664226,-0.08239093173393268
-0.10696253648796536,-0.013204245650874406,-0.03281528162026151,-0.0009862454393335502,-0.02208093255920937,-0.0724366796399616
-0.13275723393398847,-0.014633757558540884,-0.03965708661202147,-0.005388776312598077,0.07039888959127792,-0.08032704992075146
0.18710761599993056,0.06821654035653614,0.045476847669559076,0.010185849576821152,0.1566911731449683,0.12999628838515176
0.20231699478467646,0.07520347750308227,-0.06531588320543454,0.007979140313501045,0.14852483839521105,-0.04670696839191106
